<?xml version="1.0" encoding="UTF-8"?>
<!DOCTYPE mapper PUBLIC "-//mybatis.org//DTD Mapper 3.0//EN" "http://mybatis.org/dtd/mybatis-3-mapper.dtd">
<mapper namespace="member.dao.MemberDao">
    <select id="memberTotalCount" resultType="int">
        select count(*)
        from memberdb
    </select>

    <select id="selectAll" resultType="member.dto.MemberDto">
        select *
        from memberdb
    </select>

    <select id="idCheck" resultType="int" parameterType="String">
        select count(myid)
        from memberdb
        where myid = #{id}
    </select>

    <insert id="insertMember" parameterType="member.dto.MemberDto">
        insert into memberdb (name, myid, passwd, addr, hp, email, photo, birthday, registday)
        values (#{name}, #{myid}, #{passwd}, #{addr}, #{hp}, #{email}, #{photo}, #{birthday}, now())
    </insert>

    <select id="selectMemberByNum" resultType="member.dto.MemberDto" parameterType="int">
        select *
        from memberdb
        where num = #{num}
    </select>

    <delete id="deleteByNum" parameterType="int">
        DELETE FROM memberdb WHERE num = #{num}
    </delete>
</mapper>
